{"Name":"Cube (2)","Position":{"x":29.600000381469728,"y":0.9900000095367432,"z":-9.989999771118164},"Rotation":{"x":0.0,"y":0.0,"z":0.0,"w":1.0}}