{"Name":"Bonus(14)","Position":{"x":64.94318389892578,"y":3.0,"z":4.178952217102051},"Rotation":{"x":0.0,"y":0.0,"z":0.0,"w":1.0},"Interectable":true}