{"Name":"Player","Position":{"x":29.59000015258789,"y":0.7799999713897705,"z":-18.3700008392334},"Rotation":{"x":0.0,"y":0.0,"z":0.0,"w":1.0},"Health":100,"PlayerDead":false}